post_id,subreddit,created_utc,selftext,post_url,post_title,link_flair_text,score,num_comments,upvote_ratio
iroh4c,ClimateCrisis,1599957844.0,,https://grist.org/climate/oregons-air-quality-is-so-far-beyond-hazardous-that-no-one-knows-what-it-means-for-health/,Oregon‚Äôs air quality is so far beyond ‚Äòhazardous‚Äô that no one knows what it means for health,,15,2,1.0
g2zapw,ClimateCrisis,1587118656.0,,https://www.bbc.com/news/world-latin-america-52135362,Brazil: Amazon land defender Zezico Guajajara shot dead,,17,2,1.0
hqzo7h,ClimateCrisis,1594725607.0,,https://i.redd.it/rgvgen324ta51.jpg,Fi(ni)shed,,14,1,1.0
f5e1o5,ClimateCrisis,1581967545.0,,https://www.theguardian.com/environment/2020/feb/15/worst-case-scenario-2050-climate-crisis-future-we-choose-christiana-figueres-tom-rivett-carnac,‚ÄòThe only uncertainty is how long we‚Äôll last‚Äô: a worst case scenario for the climate in 2050,,13,0,0.93
ezy7wf,ClimateCrisis,1581019977.0,,https://dailyhive.com/vancouver/greta-thunberg-justin-trudeau-climate-change,Looks like Greta Thunberg isn't buying Justin Trudeau's climate action promises,,14,1,1.0
cb11a9,ClimateCrisis,1562679715.0,,https://i.redd.it/4jr7rc1l7a931.jpg,Climate protestors in Cologne - they‚Äôre standing on blocks of ice,,11,2,0.88
oaexdq,ClimateCrisis,1624993418.0,,https://grist.org/science/is-climate-change-amping-up-the-pacific-northwest-heat-wave-yes-and-its-time-to-stop-asking/,Is climate change amping up the Pacific Northwest heat wave? Yes ‚Äî and it‚Äôs time to stop asking.,,10,1,0.87
g0g16m,ClimateCrisis,1586772003.0,,https://www.bbc.com/news/business-51906530,"Climate change: The rich are to blame, international study finds",,11,1,0.83
d6xyb8,ClimateCrisis,1568999415.0,,https://www.nationalobserver.com/2019/09/20/news/climate-change-number-1-concern-canadians-poll-says,"Climate change number 1 concern for Canadians, poll says",,13,1,1.0
cjz37w,ClimateCrisis,1564525109.0,,https://truthout.org/articles/eventually-we-will-all-be-climate-refugees/,"Eventually, We Will All Be Climate Refugees",,12,1,0.94
cf9nui,ClimateCrisis,1563553593.0,,https://www.commondreams.org/views/2019/07/19/until-emissions-drop-nothing-has-been-accomplished-climate-resistance-handbook-here,Greta Thunberg: I don't want your hope. I don't want you to be hopeful. I want you to panic. I want you to feel the fear I feel every day. And then I want you to act.,,11,0,0.87
mwu2p1,ClimateCrisis,1619180698.0,,https://grist.org/climate-tipping-points-amazon-greenland-boreal-forest/,The 7 climate tipping points that could change the world forever,,11,3,0.87
mrezsq,ClimateCrisis,1618494352.0,,https://www.theguardian.com/environment/2021/apr/15/just-3-of-worlds-ecosystems-remain-intact-study-suggests,"Just 3% of world‚Äôs ecosystems remain intact, study suggests | Wildlife",,11,1,0.93
hs5kz4,ClimateCrisis,1594886095.0,,https://i.redd.it/thvxl1pjd6b51.jpg,Like an animal,,11,0,1.0
onzdt6,ClimateCrisis,1626776789.0,,https://grist.org/climate/climate-change-is-making-poison-ivy-stronger-and-itchier/,Climate change is making poison ivy stronger and itchier,,11,1,0.92
ev8eof,ClimateCrisis,1580232149.0,,https://www.nationalobserver.com/2020/01/28/analysis/americans-alarmed-about-climate-crisis-surges-good-reason,"Americans ""alarmed"" about climate crisis surges ‚Äî for good reason.",,9,0,0.86
ev36wm,ClimateCrisis,1580202483.0,,https://i.redd.it/oye8mpnq8ed41.jpg,Recycle,,12,0,1.0
ei9tcv,ClimateCrisis,1577831082.0,,https://www.nationalobserver.com/2019/12/31/news/greta-thunberg-says-she-wouldnt-waste-her-time-talking-trump,"Greta Thunberg says she wouldn't ""waste her time"" talking to Trump",,9,0,0.85
dh4ypq,ClimateCrisis,1570935156.0,,https://www.aph.gov.au/petition_sign?id=EN1041,"Climate Crisis, the planet is dying, land is drying up, Animals are going extinct. we need Change and we need it Now before it's to late.",,11,0,1.0
d9cqjn,ClimateCrisis,1569461306.0,,https://cleanenergycanada.org/green-party-of-canada-sets-a-high-bar-with-climate-platform/,Green Party of Canada sets a high bar with climate platform,,9,0,0.92
d5z897,ClimateCrisis,1568819716.0,,https://www.iflscience.com/environment/spend-18-trillion-on-climate-change-adaption-measures-today-to-save-71-trillion-in-the-future-says-report/,"Spend $1.8 Trillion On Climate Change Adaption Measures Today To Save $7.1 Trillion In The Future, Says Report",,11,1,1.0
csjw83,ClimateCrisis,1566234006.0,,https://www.cnn.com/videos/health/2019/06/14/climate-change-psychology-orig-mg.cnn,"Why can't we seem to care about the climate crisis? The human brain just isn't wired to grasp the looming threats of the climate crisis, CNN's Dr. Sanjay Gupta explains. But there is hope if we change how we look at the problem.",,9,1,0.92
cpirq8,ClimateCrisis,1565644694.0,,https://www.straight.com/news/1284456/poll-shows-whopping-concern-among-canadians-about-climate-change-82-percent-say-its,Poll shows whopping concern among Canadians about climate change‚Äî82 percent say it's a serious problem,,12,0,0.93
c5f1xt,ClimateCrisis,1561495840.0,,https://finance.yahoo.com/news/its-already-begun-feedback-loops-will-make-climate-change-even-worse-scientists-say-090000011.html,"'It's already begun': Feedback loops will make climate change even worse, scientists say",,10,0,1.0
t4lktb,ClimateCrisis,1646177276.0,,https://www.nature.com/articles/d41586-022-00585-7,Climate change is hitting the planet faster than scientists originally thought,,8,0,0.84
ophn1l,ClimateCrisis,1626972021.0,"Done Waiting is a progressive, grassroots organization that advocates for and endorses progressive candidates and policies around the country.

In our first 2 months, we made 60,000 calls (without a dialer) for Adam Christensen, a progressive candidate that ran in Florida‚Äôs 3rd Congressional District. Since the election, we have made calls to constituents urging them to call their representatives to support the Green New Deal, and we have made calls to people in Georgia to get them to register and vote in the runoff election.

We‚Äôve recently been working on behalf of Nina Turner‚Äôs campaign for Representative of Ohio‚Äôs 11th district. We made almost 30,000 calls for her campaign in the first week since our endorsement.

We are a completely volunteer-run organization, mainly consisting of students. If you would be so generous as to give us any financial support, it would go toward things like:


Investing in infrastructure to help our dedicated army of phone bankers reach even more people per hour (current output exceeds 1200 hours/week)
Buying essential voter data to bolster our proprietary advocacy software and increase voter outreach in strategic areas
Covering minimal overhead costs related to communications and legal compliance
Your donation would only go toward operating costs, nobody working in this organization gets paid so none of the money will enter our pockets.

Our donation link can be found [here](https://secure.actblue.com/donate/donewaiting). 

If you would like to offer us some financial support but also get something in return, we have some items available at our new [merch store](https://www.donewaiting.org/shop). We sell t-shirts, hoodies, stickers, and more, all designed by our merch team.

If you can‚Äôt support us financially but would still like to assist us in another way, you can volunteer with us by filling out [this](https://docs.google.com/forms/d/1mRJ_81wYDz0j1BN8WUzuJHn9K7VsPqBbcO0XjIWIhJc/viewform?edit_requested=true) application, which takes about 30 seconds.

[Here](https://www.donewaiting.org/) is our website so you can learn more about us. If you have any questions, please don‚Äôt hesitate to ask!

We greatly appreciate any contribution you‚Äôre able to make. We recognize that this is a very difficult time so, above all, please stay as safe and healthy as possible. Thank you.",https://www.reddit.com/r/ClimateCrisis/comments/ophn1l/were_done_waiting_an_organization_fighting_for/,"We‚Äôre Done Waiting, an organization fighting for progressive candidates and policies, and we‚Äôre asking for your support",,9,2,0.92
npyioe,ClimateCrisis,1622566184.0,"We are a group that advocates for and endorses progressive candidates and policies. We endorse progressive candidates and help them in elections by making thousands of calls to voters on their behalf. 

We also pressure centrist politicians that are already in office into supporting policies like Medicare for All, the Green New Deal, Debt-Free College, and getting corporate money out of politics. 

We‚Äôre sick of half-measures and incremental changes that do nothing to help average, working-class people. We‚Äôre tired of being told to wait for reforms that are long overdue, especially when we‚Äôre running out of time for bold, comprehensive action on issues like climate change. 

We will never refuse to endorse a progressive candidate based on who their opponent is. We refuse to ignore those that are in races against powerful people, as these are often some of the most important races to be won.

We will rescind an endorsement if a candidate backs an establishment candidate over a progressive, if they take any corporate money, or if they compromise the progressive values that we endorsed them for in the first place.

We‚Äôre sick of a status quo that only works for the wealthy and the elite.

In our first 2 months, we made 60,000 calls (without a dialer) for Adam Christensen, a progressive candidate that ran in Florida‚Äôs 3rd Congressional District. Since the election, we have also made calls to constituents urging them to call their representatives to get them to support the Green New Deal, and we have also made calls in Georgia to get people to register and vote in the runoff election. 

After that we began making calls to voters to increase support for Medicare For All. Since, we have endorsed Nina Turner‚Äôs campaign for Representative of Ohio‚Äôs 11th District and have been performing outreach on her campaign‚Äôs behalf for her primary election on August 3rd. In our first week phone banking for her campaign, our phone bankers made 28,649 calls on her behalf.

If these issues interest you and you would like to learn more about us, you can visit our website at [this link](https://www.donewaiting.org/). 

There you can find more information about us and the policies that we support, as well as the candidates we have endorsed. If someone you know is looking for an endorsement, they can apply for one there as well.

You can also apply to volunteer to help us carry out our mission. This is an entirely volunteer-run organization, and we welcome anyone that would like to volunteer their time to fight for these policies. You can meet plenty of other young, like-minded progressives from all over the country, and the application only takes about 30 seconds. The application can be found [here](https://docs.google.com/forms/d/1mRJ_81wYDz0j1BN8WUzuJHn9K7VsPqBbcO0XjIWIhJc/viewform?edit_requested=true).


You can also follow us on [Twitter](https://twitter.com/_donewaiting_) and [Instagram](https://www.instagram.com/_donewaiting_/).",https://www.reddit.com/r/ClimateCrisis/comments/npyioe/we_are_done_waiting_a_progressive_organization/,"We are Done Waiting, a progressive organization fighting for progressive policy and candidates around the country",,11,0,1.0
ieilon,ClimateCrisis,1598103531.0,,https://phys.org/news/2020-08-humans-overshoot-planetary-august.html,Humans overshoot 2020 planetary 'budget' on August 22: report,,9,0,0.92
g6jp3i,ClimateCrisis,1587634506.0,,https://grist.org/justice/amazon-fires-employees-who-spoke-out-about-coronavirus-and-climate-change/,Amazon fires employees who spoke out about coronavirus and climate change,,9,0,0.92
g4p8qt,ClimateCrisis,1587372445.0,,https://www.sbs.com.au/language/english/audio/himalayas-visible-for-first-time-in-30-years-as-pollution-levels-in-india-drop,Himalayas visible for first time in 30 years as pollution levels in India drop,,9,0,0.92
fde1i6,ClimateCrisis,1583333388.0,,https://thenewdaily.com.au/life/science/2020/03/03/project-drawdown-emissions/,Project Drawdown report says we‚Äôve already got the tech to reach negative emissions by 2040s,,8,0,0.91
ezsjgo,ClimateCrisis,1580996624.0,,https://www.cbc.ca/news/canada/new-brunswick/winter-ticks-climate-change-moose-1.5452694,Thousands of blood sucking ticks found on moose - warming weather brings parasites north,,8,0,0.83
exhftx,ClimateCrisis,1580611047.0,,https://youtu.be/YYvm9UM-Z2I,CNBC's Jim Cramer Says Divestment Has Destroyed Fossil Fuels - TheRationalNational.com/Join,,8,0,0.8
eoekhz,ClimateCrisis,1578967988.0,,https://globalnews.ca/news/6407090/climate-change-wildfires-experts-australia/,‚ÄòNo doubt whatsoever‚Äô: Experts claim climate change causing Australia to burn,,9,0,1.0
ehbz1y,ClimateCrisis,1577655567.0,,https://i.redd.it/k87t78s5dk741.jpg,remember that fossil fuel companies will guilt trip you into thinking you're the problem to shift the blame from themselves,,7,0,0.83
dq4xet,ClimateCrisis,1572618290.0,,https://thetyee.ca/Analysis/2019/11/01/Climate-Crisis-Expert-Advice/,The Climate Crisis Is Real: Here‚Äôs the Expert Advice on What We Need to Do,,9,0,0.91
cekdam,ClimateCrisis,1563404945.0,,https://www.amnesty.org/en/latest/news/2019/07/i-am-15-im-blocking-your-commute-so-my-generation-has-jobs-to-go-to-and-a-planet-to-live-on/,"""I am 15. I‚Äôm blocking your commute so my generation has jobs to go to, and a planet to live on.""",,9,0,0.91
bjnyz3,ClimateCrisis,1556752828.0,,https://www.independent.co.uk/news/uk/politics/climate-change-environment-emergency-commons-motion-mps-vote-latest-a8895456.html,UK government makes history by becoming first nation in the world to declare ‚Äòenvironment and climate change emergency‚Äô,,8,0,0.91
9mr4sk,ClimateCrisis,1539105744.0,,https://i.redd.it/m4uywq4z17r11.jpg,"If even they‚Äôre wrong, it‚Äôs wrong in a right direction.",,8,0,0.84
w5q454,ClimateCrisis,1658536476.0,,https://www.bbc.co.uk/news/science-environment-62225696,The audacious PR plot that seeded doubt about climate change,,9,1,0.9
tnksh4,ClimateCrisis,1648211145.0,,https://www.theguardian.com/world/2022/mar/25/satellite-data-shows-entire-conger-ice-shelf-has-collapsed-in-antarctica,Satellite data shows entire Conger ice shelf has collapsed in Antarctica,,9,0,1.0
pk4dhd,ClimateCrisis,1631079097.0,,https://thehuxleyan.substack.com/p/climate-crisis-only-the-powerful,Climate Crisis: Only the Powerful Few Can Afford to Press 'Pause',,9,0,1.0
oxq15u,ClimateCrisis,1628073897.0,,https://dysevidentia.transistor.fm/episodes/episode-13-oil-and-climate-change-with-the-rock-doctor,I am trying spread good Climate Change Information to debunk Climate Change denial. I made a podcast episode on it.,,8,1,1.0
on9f8v,ClimateCrisis,1626680914.0,,https://www.theguardian.com/world/gallery/2021/jul/19/climate-crisis-weather-around-world-in-pictures-wildfires-floods-winds,Climate crisis: 50 photos of extreme weather around the world ‚Äì in pictures,,8,5,0.85
o78zii,ClimateCrisis,1624565521.0,,https://www.cnet.com/google-amp/news/surface-temperatures-in-siberia-heat-up-to-a-mind-boggling-118-degrees/,Surface temperatures in Siberia heat up to a mind-boggling 118 degrees,,6,0,0.81
nvzm3a,ClimateCrisis,1623255164.0,,https://www.salon.com/2021/06/09/its-not-just-your-imagination--ticks-are-out-of-control-this-year_partner/,"It‚Äôs not just your imagination ‚Äî ticks are out of control this year Here's why, and what climate change has to do with it",,8,2,0.91
nqko56,ClimateCrisis,1622636982.0,,https://grist.org/climate/how-many-people-has-climate-change-killed-already/,How many people has climate change killed already?,,7,3,0.9
mz3ecq,ClimateCrisis,1619459098.0,,https://www.youtube.com/watch?v=sGG-A80Tl5g,Eating less Meat won't save the Planet. Here's Why (Video),,8,2,0.68
in4508,ClimateCrisis,1599323605.0,,https://www.theglobalcurrent.com/home/insurance-climate-risk,"The flood levels of Hurricane Sandy, which submerged New York City subway stations, left millions stranded, and resulted in over $60 billion in damages for the U.S. are nearly twice as likely to occur today than in 1950.",,8,0,1.0
hq5l1a,ClimateCrisis,1594601058.0,,https://www.bloomberg.com/news/articles/2020-07-07/global-gdp-could-fall-20-as-climate-change-heats-up?ncid=newsltushpmgnewworld,Economists Warn That a Hotter World Will Be Poorer and More Unequal,,9,0,1.0
fthzce,ClimateCrisis,1585812312.0,,https://edition.cnn.com/2020/03/04/world/australia-wildfires-made-more-likely-by-climate-change/index.html,"The climate crisis made Australia's wildfires at least 30% more likely, study finds",,8,0,0.84
fpgn6n,ClimateCrisis,1585246796.0,,https://www.independent.co.uk/environment/amazon-rainforest-collapse-tipping-point-climate-change-ecosystems-brazil-a9390806.html,"Climate crisis: Amazon rainforest could 'collapse' in 50 years, scientists warn",,9,0,0.85
ds1oe7,ClimateCrisis,1572971740.0,,https://www.pbs.org/newshour/science/california-wildfires-signal-the-arrival-of-a-planetary-fire-age,California wildfires signal the arrival of a planetary fire age,,8,0,1.0
df2ad0,ClimateCrisis,1570551692.0,,https://grist.org/article/want-to-know-what-climate-change-feels-like-ask-an-alaskan/,Want to know what climate change feels like? Ask an Alaskan.,,7,0,0.9
dcy969,ClimateCrisis,1570141326.0,,https://youtu.be/-1u_LZ4UtA4,Extinction Rebellion Soaks Treasurey (Benny Hill Remix),,9,0,1.0
d8t76k,ClimateCrisis,1569358080.0,,https://ipolitics.ca/2019/09/24/60-of-canadians-less-likely-to-vote-for-candidates-who-skip-climate-debates-mainstreet-poll-suggests/,"60% of Canadians less likely to vote for candidates who skip climate debates, Mainstreet poll suggests",,7,0,0.9
cwyby9,ClimateCrisis,1567069663.0,,https://www.bbc.com/news/science-environment-49499521,Climate change: Big lifestyle changes 'needed to cut emissions',,9,1,1.0
cwa3fs,ClimateCrisis,1566937865.0,,https://consortiumnews.com/2019/08/27/debating-how-much-time-we-have-to-avert-climate-disaster-is-a-waste-of-time/,Debating How Much Time We Have to Avert Climate Disaster is a Waste of Time,,8,0,1.0
c8ttrv,ClimateCrisis,1562188872.0,,https://truthout.org/articles/over-one-tenth-of-global-population-could-lack-drinking-water-by-2030/,Over One-Tenth of Global Population Could Lack Drinking Water by 2030 (xpost r/StopFossilFuels),,7,0,0.9
bnhpsf,ClimateCrisis,1557612741.0,,http://www.climatecodered.org/2019/04/support-for-action-surges-majority-say.html,"Australia: Support for action surges, majority say we face climate emergency",,8,0,1.0
b7vjzq,ClimateCrisis,1554082085.0,,https://www.pewsocialtrends.org/2019/03/21/worries-priorities-and-potential-problem-solvers/,"90% of Dems, 69% of all U.S. adults ""very"" or ""fairly"" worried about climate change",,8,0,0.9
b4c4q3,ClimateCrisis,1553297635.0,,https://www.bbc.co.uk/news/entertainment-arts-47666007,[News] - Sir David Attenborough to present climate change documentary,,9,0,1.0
88q86w,ClimateCrisis,1522582707.0,,https://www.pbs.org/newshour/show/cape-town-drought-is-a-global-harbinger-says-nasa-scientist,"Cape Town drought is a global harbinger, says NASA scientist",,8,1,1.0
22hpf8,ClimateCrisis,1396931495.0,,https://www.freespeech.org/video/climate-change-cnn-ignores-it-fox-lies-about-it,"Climate Change: CNN Ignores It, Fox Lies About It",,7,0,0.9
wu1154,ClimateCrisis,1661092383.0,,https://www.huffpost.com/entry/appalshop-kentucky-floods-appalachia_n_62fe82b4e4b077bb77a9bc51,"Global Warming: A Deluged Eastern Kentucky Is Left To Ponder What It Means To Rebuild Entire Communities When ""1,000-Year Floods"" Aren't 1,000-Year Floods Anymore",,7,1,1.0
to0dc1,ClimateCrisis,1648244015.0,,https://www.thestar.com/politics/2022/03/25/climate-protests-to-take-place-across-canada-as-part-of-global-movement.html,Climate protests held in cities across Canada as part of global movement,,7,0,1.0
tek6i5,ClimateCrisis,1647332634.0,,https://i.redd.it/lom8umrzain81.png,Ukraine is burning: CO emissions by NASA GEOS-5 system,,7,0,1.0
nzqueo,ClimateCrisis,1623688458.0,,https://grist.org/extreme-weather/remember-snow-days-todays-kids-get-heat-days/,Remember snow days? Today's kids get heat days.,,8,1,0.91
m6loej,ClimateCrisis,1615935054.0,,https://thehuxleyan.substack.com/p/florida-is-our-multi-billion-dollar,Florida is Our Multi-Billion Dollar Climate Crisis Microcosm,,8,0,0.9
lqrjj7,ClimateCrisis,1614110490.0,,https://www.bbc.com/news/av/science-environment-56175714,Attenborough: 'We face the collapse of everything',,7,0,0.82
jsou3a,ClimateCrisis,1605158177.0,,https://www.bbc.com/news/world-asia-54798452,The burning scar: Inside the destruction of Asia‚Äôs last rainforests,,6,0,0.88
ekdveu,ClimateCrisis,1578235654.0,,https://www.cnn.com/2020/01/04/app-opinion-section/australian-bushfires-climate-crisis-hockenos/,"It was Australia, along with the US, Brazil, and Saudi Arabia, that blocked meaningful new climate protection reforms at the recent UN climate conference in Madrid.",,7,0,1.0
ei9t4e,ClimateCrisis,1577831054.0,,https://www.nationalobserver.com/2019/12/31/opinion/latin-american-environmentalists-face-looming-threats-violence,Latin American environmentalists face looming threats of violence,,6,0,0.88
ec13ac,ClimateCrisis,1576613075.0,,https://globalnews.ca/news/6306571/cp-news-story-year-climate-change/,Climate change voted Canadian Press‚Äô news story of the year for 2019,,7,0,0.89
dsj7ow,ClimateCrisis,1573059874.0,,https://weather.com/news/news/2019-11-05-scientists-declare-climate-emergency,"More Than 11,000 Scientists Declare Climate Emergency",,6,1,0.88
cv5azl,ClimateCrisis,1566715823.0,,https://www.vox.com/energy-and-environment/2018/7/20/17584376/carbon-tax-congress-republicans-cost-economy,Carbon tax debate: the top 5 things everyone needs to know,,6,0,0.88
ctudps,ClimateCrisis,1566461828.0,,https://www.standard.co.uk/news/uk/climate-change-fears-gripping-britain-poll-reveals-85-are-worried-about-warming-the-highest-figure-a4218251.html,Climate change fears gripping Britain: Poll reveals 85% are worried about warming - the highest figure on record,,7,0,0.82
cqhexn,ClimateCrisis,1565823652.0,,https://www.resilience.org/stories/2019-08-13/new-models-point-to-more-global-warming-than-expected/,New Models Point to More Global Warming than Expected,,7,0,1.0
bzcb60,ClimateCrisis,1560258739.0,,https://millennialonline.com/2019/05/28/a-startup-doubles-the-shelf-life-of-fruits-and-vegetables-to-combat-global-food-waste/,A startup combatting climate change by doubling the shelf life of fruits and vegetables,,7,0,1.0
bt1ujt,ClimateCrisis,1558831552.0,,https://v.redd.it/og84s3lj8d031,Sinkhole swallows minivan!,,8,0,1.0
bpz5p8,ClimateCrisis,1558140920.0,,https://www.wired.com/story/monkeywrenching-vandals-are-reinventing-climate-activism/,Pipeline Monkeywrenchers Are Reinventing Climate Activism,,7,0,1.0
atrfpe,ClimateCrisis,1550896755.0,,https://v.redd.it/f63w0vlav7i21,California Senator Diane Feinstein Explains to Children Why She Won't Back Green New Deal,,7,1,1.0
9mgjso,ClimateCrisis,1539017117.0,,https://www.reddit.com/r/ClimateCrisis/comments/9mgjso/why_cant_we_get_movement_about_stopping_climate/,Why can‚Äôt we get movement about stopping climate change and save the earth?,,5,3,0.86
39zfss,ClimateCrisis,1434416699.0,,https://www.youtube.com/watch?v=xq7Es_R9iC8,"I saw Tomorrowland, and people walked out of the theater when they realized this was not a film for climate change deniers...",,7,5,0.82
2w2bjh,ClimateCrisis,1424081620.0,,http://climateandcapitalism.com/2015/02/11/climate-shock-east-antarctica-melting/,"Climate shock: East Antarctica is melting, too. The largest glacier in East Antarctica, which was thought to be stable, is in fact melting from below.",,5,0,0.7
26etxu,ClimateCrisis,1400976775.0,,http://www.skepticalscience.com/record-growth-co2-2013.html,Record growth of atmospheric CO2 in 2013,,7,0,0.99
cmw8j,ClimateCrisis,1278514194.0,,http://www.guardian.co.uk/environment/2010/jul/07/climategate-review-clears-scientists-dishonesty,"'Climategate' review clears scientists of dishonesty. Six-month inquiry finds ""rigour and honesty"" of scientists at Climatic Research Unit not in doubt. They did not subvert peer review process, and key data needed to reproduce findings was freely available to any ""competent"" researcher.",,7,1,0.64
auo3w,ClimateCrisis,1264583692.0,,http://www.slate.com/id/2242201,NASA's Prophet Will Give You Nightmares - Ignore James Hansen's climate predictions at your peril. A review of James Hansen's book Storms of My Grandchildren,,7,0,0.71
ztyjl7,ClimateCrisis,1671846095.0,,https://youtu.be/wAzEMD14QuA,Thoughts on what Carl Sagan said during this congressional meeting in 1985?,,5,2,0.86
wsx23i,ClimateCrisis,1660966123.0,,https://www.indietruther.com/post/fighting-climate-change-won-t-stop-the-inevitable,"The Numbers Are In, Fighting Climate Change Won't Stop The Inevitable",,5,4,0.78
wa5qha,ClimateCrisis,1659002369.0,,https://apnews.com/article/science-texas-trending-news-climate-and-environment-0eb6880f7c4532a845155a3bd44c2e4b,Texas: Hidden Menace: Massive Methane Leaks Speed Up Climate Change,,6,1,0.71
v18wer,ClimateCrisis,1653941942.0,,https://oa.mg/blog/marine-heatwaves-in-the-south-china-sea-have-become-more-frequent-intense-extensive-and-serious/,"Marine heatwaves in the South China Sea have become more frequent, intense, extensive, and serious",,6,0,1.0
siu82v,ClimateCrisis,1643822475.0,,https://www.sciencenews.org/article/ocean-extreme-heat-wave-past-climate-new-normal,"In 2014, the entire ocean hit the ‚Äúpoint of no return,‚Äù Van Houtan says. Beginning that year, at least half of the ocean‚Äôs surface waters saw temperatures hotter than the most extreme events from 1870 to 1919.",,4,1,0.67
s7xzux,ClimateCrisis,1642619950.0,,https://www.reddit.com/r/science/comments/s6v3su/chemical_pollution_has_passed_safe_limit_for/?utm_source=share&utm_medium=ios_app&utm_name=iossmf,"Chemical pollution has passed safe limit for humanity, say scientists | The Guardian",,6,0,1.0
lxeef1,ClimateCrisis,1614839314.0,,https://youtu.be/uPOMlp6Q95k,"How hemp can help with climate crisis, more than trees.",,6,0,1.0
ku8rzr,ClimateCrisis,1610258350.0,,https://www.sciencedaily.com/releases/2021/01/210104114055.htm,"Alert system shows potential for reducing deforestation, mitigating climate change.",,5,0,0.86
k06t8z,ClimateCrisis,1606230948.0,,https://grist.org/climate/when-temperatures-soar-dog-ticks-turn-to-human-flesh/,"When temperatures soar, dog ticks turn to human flesh",,5,0,0.86
j65qzw,ClimateCrisis,1601993566.0,,https://grist.org/climate/scientists-didnt-expect-wildfires-this-terrible-for-another-30-years/,Scientists didn‚Äôt expect wildfires this terrible for another 30 years,,6,2,1.0
i82118,ClimateCrisis,1597186178.0,,https://www.electionscience.org/advancing-the-environmental-movement-through-approval-voting/,Virtual Event: How voting reform can help advance the environmental movement (August 13th),,6,1,0.88
fvbcdq,ClimateCrisis,1586080166.0,,https://www.theguardian.com/environment/2020/jan/13/us-listed-climate-activist-group-extremists,Revealed: US listed climate activist group as 'extremists' alongside mass killers,,5,0,0.86
fq2jpj,ClimateCrisis,1585333789.0,,https://public.wsu.edu/%7Emreed/380American%20Consumption.htm,"Despite constituting only 5% of the world's population, Americans consume 24% of the world's energy",,5,0,0.86
evxxyz,ClimateCrisis,1580350644.0,,https://i.redd.it/x597qb0d5rd41.jpg,STOP !!,,6,0,1.0
env2o6,ClimateCrisis,1578869957.0,,https://www.thestar.com/edmonton/2020/01/12/fewer-trees-less-undergrowth-study-says-wildfires-changing-canadas-boreal-forest.html,"Fewer trees, less undergrowth: Study says wildfires changing Canada‚Äôs boreal forest",,7,0,1.0
ekgtp9,ClimateCrisis,1578248782.0,,https://youtu.be/EMMnCyvGy7s,Are we gonna frickin do something or what -- Non-Compete on Our Current Situation & the Climate Crisis,,6,0,0.88
ejhnuc,ClimateCrisis,1578068607.0,,https://www.reportlinker.com/insight/nations-deadly-air-pollution.html,What Are Nations Doing About Deadly Air Pollution - Data,,7,0,0.89
egm9up,ClimateCrisis,1577508008.0,,https://www.nationalobserver.com/2019/12/27/news/climate-crisis-melts-our-ice-our-way-life-could-change-unexpected-ways,"As the climate crisis melts our ice, our way of life could change in unexpected ways",,6,0,1.0
ee0djk,ClimateCrisis,1576988479.0,,https://youtu.be/x8FMXrkkv0w,"Bernie: Spend Money On Fighting Climate Change, Not Endless War! -- Secular Talk w/ @KyleKulinski",,6,0,0.88
dvbuvr,ClimateCrisis,1573574167.0,"If the US military is facing up to the climate crisis, shouldn't we all?

https://www.theguardian.com/commentisfree/2019/nov/12/us-military-pentagon-climate-crisis-breakdown-?CMP=Share_AndroidApp_Post_on_Reddit",https://www.reddit.com/r/ClimateCrisis/comments/dvbuvr/if_the_us_military_is_facing_up_to_the_climate/,"If the US military is facing up to the climate crisis, shouldn't we all?",,5,1,0.86
dc2kta,ClimateCrisis,1569976008.0,,https://weather.com/health/news/2019-09-30-record-equine-encephalitis-outbreak,Mosquito-Borne EEE Outbreak Hits Parts of U.S. in Record Numbers,,6,0,1.0
cn0oyl,ClimateCrisis,1565149256.0,,https://www.straight.com/news/1282891/david-suzuki-deniers-deflated-climate-reality-hits-home,David Suzuki: Deniers deflated as climate reality hits home,,6,0,0.88
cd086g,ClimateCrisis,1563088532.0,,https://youtu.be/zfWuMazQLp8,There's a New Kind of Climate Crisis -- Climate Gentrification,,7,0,0.89
bmp32c,ClimateCrisis,1557434998.0,,https://theintercept.com/2019/05/04/climate-change-book-end-of-ice/,A War Reporter Covers ‚ÄúThe End of Ice‚Äù ‚Äî and It Will Change the Way You Think About Climate Catastrophe,,6,1,0.88
bj80zx,ClimateCrisis,1556655380.0,,https://truthout.org/articles/the-last-time-there-was-this-much-co2-trees-grew-at-the-south-pole/,"The Last Time There Was This Much CO2, Trees Grew at the South Pole (xpost r/StopFossilFuels)",,5,0,0.86
bilt7e,ClimateCrisis,1556515933.0,,https://medium.com/the-progressive-edge/the-rise-and-future-of-capitalist-totalitarianism-in-the-anthropocene-26cd55b045ec,The Rise And Future Of Capitalist Totalitarianism In The Anthropocene,,7,0,0.89
bfs7yb,ClimateCrisis,1555872932.0,,https://cleantechnica.com/2019/04/19/bernie-sanders-calls-for-an-end-to-fossil-fuels/,Bernie Sanders Calls For An End To Fossil Fuels | CleanTechnica,,6,0,1.0
bcjput,ClimateCrisis,1555108083.0,,https://insideclimatenews.org/news/08042019/arctic-climate-change-temperature-permafrost-sea-ice-wildilfe-ecology-study,"Global Warming Is Pushing Arctic Toward ‚ÄòUnprecedented State,‚Äô Research Shows",,7,0,1.0
av7wcy,ClimateCrisis,1551234075.0,,https://www.france24.com/en/20190226-black-snow-falls-siberia-blamed-killer-coal-industry,Black snow falling in Siberia due to air loaded with coal dust prompted the regional governor on Tuesday to temporarily close a coal processing plant he accused of killing residents,,6,0,1.0
97gzvq,ClimateCrisis,1534326976.0,,https://shareblue.com/union-of-concerned-scientists-blast-trump-abysmal-science-record/,Government scientists blast Trump‚Äôs ‚Äòabysmal‚Äô record of censorship,,7,0,0.88
2e31us,ClimateCrisis,1408545598.0,,http://www.bbc.com/news/science-environment-28852980,Greenland losing ice at twice the rate,,5,0,0.86
20az7y,ClimateCrisis,1394697551.0,,http://skepticalscience.com/global-warming-not-slowing-its-speeding-up.html#.UyFlOv3U_6c.reddit,Global warming not slowing - it's speeding up,,7,0,1.0
g6w4o,ClimateCrisis,1300508567.0,,http://www.youtube.com/watch?v=x1Qlc3s8XL4&NR,Man Made Climate Change in 7 Minutes,,5,0,0.86
fzogd,ClimateCrisis,1299580463.0,,http://tamino.wordpress.com/2011/03/05/snow/,Snow.,,5,0,0.86
fxnkd,ClimateCrisis,1299288466.0,,http://www.skepticalscience.com/real-world-example-carbon-pricing-benefits-outweigh-costs.html,"A Real-World Example of Carbon Pricing Benefits 
Outweighing Costs",,6,1,1.0
d0rlt,ClimateCrisis,1281706003.0,,http://blog.washingtonpost.com/tomtoles/2010/08/friday_rant_heat_exhaustion_e.html,"We are apparently going to let the debate on [climate] science run until hell freezes over. If you can't accept the conclusions of 98% of scientists whose FIELD IT IS, then why even bother with science? If that high a percentage is to be discounted ENTIRELY, then we are in deep trouble...",,6,0,0.59
csutw,ClimateCrisis,1279889732.0,,http://www.skepticalscience.com/An-overview-of-Antarctic-ice-trends.html,"An overview of Antarctic ice trends. Antarctic Land Ice is decreasing. Antarctic Ice Mass is decreasing. Antarctic Sea Ice is increasing - but don't get excited, the Southern Ocean has been warming faster than the rest of the world's oceans.",,7,0,0.62
cocrg,ClimateCrisis,1278868913.0,,http://www.nytimes.com/2010/07/11/opinion/11sun2.html,A Climate Change Corrective. Perhaps now we can put the manufactured controversy known as Climategate behind us and turn to the task of actually doing something about global warming.,,5,0,0.6
ch2vp,ClimateCrisis,1277060842.0,,http://www.youtube.com/watch?v=5WvasALL-hw,The stolen climate emails: climate deniers don't have a leg to stand on.,,6,0,0.67
aqgw8,ClimateCrisis,1263674820.0,,http://www.columbia.edu/~jeh1/,Sign up for James Hansen's email list!,,6,90,0.88
10ox4gw,ClimateCrisis,1675068474.0,,https://rebellion.global/blog/2023/01/25/big-oils-plastic-apocalypse/,Big Oil's Plastic Apocalypse,,5,0,1.0
10cmc59,ClimateCrisis,1673796052.0,"I am looking for participants for my undergraduate research project exploring how belonging to a climate justice group may affect levels of eco-anxiety. 

Groups can be self-defined: anything involving other people that addresses the climate crisis. It should take no more than 5 minutes to complete and your answers will contribute to future research looking at this specific form of anxiety.

Thank you!

[https://ntupsychology.eu.qualtrics.com/jfe/form/SV\_eqGNVjmwHlLJVvE?fbclid=IwAR3qfS6jOTZmBLdRk-BRtBbOBIVZw3uvuFFBwhSOrSjbaZbn00WWfqnX1CA](https://ntupsychology.eu.qualtrics.com/jfe/form/SV_eqGNVjmwHlLJVvE?fbclid=IwAR3qfS6jOTZmBLdRk-BRtBbOBIVZw3uvuFFBwhSOrSjbaZbn00WWfqnX1CA)

Admins: this research has received full ethical approval from Nottingham Trent University's School of Social Sciences Ethics Committee.",https://www.reddit.com/r/ClimateCrisis/comments/10cmc59/do_you_experience_ecoanxiety_and_would_like_to/,Do you experience eco-anxiety and would like to contribute to psychological research (5 mins)?,,5,0,1.0
zagqgd,ClimateCrisis,1669972131.0,,https://stephenyoung.substack.com/p/ftx-and-the-climate-crisis,The collapse of FTX and SBF are symptoms of a system driving us towards climate disaster,,4,0,0.84
z66f4z,ClimateCrisis,1669568693.0,,/r/NoClimateAction/comments/z66alx/today_no_climate_action_is_born/,"Today, ""No Climate Action"" is Born",,4,0,0.75
z0mogz,ClimateCrisis,1668997117.0,,/r/NoClimateAction/comments/z0mlav/everything_wrong_with_cop27/,Everything wrong with COP27,,6,0,1.0
xso2bh,ClimateCrisis,1664605592.0,,https://www.dailykos.com/story/2022/9/30/2126239/-Matt-Gaetz-votes-AGAINST-increasing-disaster-relief-funding-AFTER-Ian-cuts-a-swath-across-Florida,Florida Republican US House Rep. Matt Gaetz Votes AGAINST Disaster Relief Days After Hurricane Ian Ravaged His Home State - Joining Many Other Republicans To Vote Against A Stopgap Measure That Would Continue Funding The Govt & Provide Billions Of Dollars In Much Needed Disaster Assistance,,5,0,1.0
wqufwp,ClimateCrisis,1660756281.0,,https://www.huffpost.com/entry/extreme-heat-belt-south-midwest_n_62fc9837e4b077bb77a6d886,"Global Warming: ""Extreme Heat Belt"" Forming In The US South And Midwest Will Expose 100 Million Americans To 125‚Å∞ Heat Index Temperatures, Says Report",,5,0,1.0
w934rl,ClimateCrisis,1658890548.0,,https://grassrootsdempolitics.com/index.php/2022/07/26/al-gore-says-this-should-be-a-moment-of-global-epiphany-re-climate-change/,Al Gore Says This Should Be A Moment Of Global Epiphany Re Climate Change,,5,0,0.86
w8k166,ClimateCrisis,1658842663.0,,https://apnews.com/article/wildfires-fires-forests-trees-plants-de0505c965c198a081a4b48084b0e903,The Biden Administration Says The US To Plant 1 Billion Trees As Climate Change Kills Forests,,6,1,1.0
w3gd4z,ClimateCrisis,1658302749.0,,https://www.reuters.com/world/europe/wildfire-rages-near-athens-homes-damaged-hospital-evacuated-2022-07-20/,"Greece: Wildfire Rages Near Athens; Homes Damaged, Hospital Evacuated",,4,0,0.84
tqvf0w,ClimateCrisis,1648543852.0,,https://www.cnn.com/2022/03/28/weather/antarctica-world-record-high-temperature-anomaly-climate/index.html,"Extraordinary Antarctica heatwave, 70 degrees above normal, would likely set a world record",,5,0,0.86
tqbcbq,ClimateCrisis,1648479888.0,,https://medium.com/climate-conscious/car-culture-is-a-huge-impediment-to-climate-action-eb8d4b60486a,Car Culture Is a Huge Impediment to Climate Action,,6,0,0.87
onb2qu,ClimateCrisis,1626689193.0,,https://thehuxleyan.substack.com/p/with-manchin-its-simple-dont-let,"With Manchin It's Simple, Don't Let the Media Tell You Otherwise",,5,0,0.86
ns5pdf,ClimateCrisis,1622814949.0,,https://grist.org/climate/a-zombie-fire-outbreak-may-be-growing-in-the-north/,A zombie-fire outbreak may be growing in the North,,5,0,0.86
nifa4b,ClimateCrisis,1621677586.0,,https://www.bbc.com/future/article/20210520-could-humans-really-destroy-all-life-on-earth,Could humans really destroy all life on Earth?,,3,0,0.72
hy1d22,ClimateCrisis,1595741080.0,,https://www.renewableenergyworld.com/2020/07/24/study-offshore-wind-farms-wont-keep-most-people-from-enjoying-the-beach/,Study: Offshore wind farms won‚Äôt keep most people from enjoying the beach. University of Delaware researchers (East US) find most beachgoers are indifferent to wind farms built at least 5 miles from shore.,,5,1,0.86
h9e3fg,ClimateCrisis,1592218855.0,,https://www.salon.com/2020/06/15/europes-big-climate-comeback-facing-the-covid-crisis-eu-looks-stronger-than-ever/,"Europe's big climate comeback: Facing the COVID crisis, EU looks stronger than ever",,5,1,1.0
glypm6,ClimateCrisis,1589796291.0,,https://grist.org/climate/the-world-is-on-lockdown-so-where-are-all-the-carbon-emissions-coming-from/,The world is on lockdown. So where are all the carbon emissions coming from?,,5,1,1.0
g62mq8,ClimateCrisis,1587567602.0,"I am running a grassroots campaign against an 85-year political dynasty in MI-12, and I am fighting for progressive policies such as a Green New Deal, Medicare for All, Tuition Free College and Eliminating Student Debt, and Getting Corporate Money Out of Politics.

The biggest reason that I decided to run was climate change. Our environment and economy will be ravaged by climate change if we do not act before we run out of time.That‚Äôs why I support enacting a Green New Deal so that we can begin to mobilize our economy away from our dependence on fossil fuels and create millions of green energy jobs. Climate change is not an issue that our current politicians can continue to ignore and I‚Äôm done waiting for action.

I am taking a leave of absence from medical school to run because I am done waiting on our current politicians to act on issues like climate change or enacting single-payer healthcare. Previously, I worked as an organizer for the Democrats in the 2016 presidential election. I also founded a group called the Michigan Resistance, a political activist group that made thousands of calls to stop bad legislation in the Michigan State Legislature.

I am also a part of the Rose Caucus, a group of anti-establishment Democratic Socialist and Socialist candidates running for various offices across the United States.

If you would like to learn more about me, donate to support our campaign, or join our fellowship program (which is completely remote), you can go to my website, [SolomonRajput.com](https://www.solomonrajput.com/) . We‚Äôre always looking for more volunteers nationwide that would like to help us do phone banking or text banking.

You can also check out my social media where we post campaign updates, policy updates, event invites, announcements, jokes, and memes.

[Twitter](https://twitter.com/VoteForSolomon)
[Facebook](https://www.facebook.com/VoteForSolomon/)
[Instagram](https://www.instagram.com/voteforsolomon/)
TikTok username: solomon4congress

My team and I have also put together a list of COVID-19 resources located on my website for all those who are in need during this pandemic. Although much of it is specific to MI-12, there are resources that extend to the whole state of Michigan listed there. Feel free to check it out here: www.solomonrajput.com/coronavirus

EDIT: fixed relief link",https://www.reddit.com/r/ClimateCrisis/comments/g62mq8/i_am_solomon_rajput_and_im_running_for_us/,I am Solomon Rajput and I‚Äôm running for US Congress in Michigan,,5,0,1.0
g2zp1c,ClimateCrisis,1587120604.0,,https://www.npr.org/2020/03/31/822597631/plastic-wars-three-takeaways-from-the-fight-over-the-future-of-plastics,Plastics Industry Promoted Recycling To Help Keep Oil And Gas Profits High,,4,0,0.84
etfvh9,ClimateCrisis,1579896764.0,,https://socialistproject.ca/2020/01/climate-activists-cant-afford-to-ignore-labour/,Climate Activists Can‚Äôt Afford to Ignore Labour,,5,0,1.0
es4kah,ClimateCrisis,1579656063.0,,https://www.nationalobserver.com/2020/01/21/news/newly-formed-canadian-institute-climate-choices-calls-canada-prepare-change,Newly-formed Canadian Institute for Climate Choices calls on Canada to prepare for change,,5,0,1.0
ekkxy9,ClimateCrisis,1578266856.0,,https://i.redd.it/dcksw3ce2y841.jpg,"‚Äú3D ‚Äúvisualisation‚Äù of the fires in Australia, made from NASA satellite data. These are all the areas which have been affected, but not all the areas are still burning.‚Äù üì∏ Credit ~ Anthony Hearsey - Creative Imaging",,5,0,1.0
dpf6g4,ClimateCrisis,1572479457.0,,https://www.straight.com/news/1319541/david-suzuki-youth-lawsuit-draws-attention-climate-crisis,David Suzuki: Youth lawsuit draws attention to climate crisis,,5,0,0.78
d3e062,ClimateCrisis,1568320587.0,,https://www.reddit.com/r/climatearmy/comments/d3dzdv/were_streaming_the_democratic_debates/,We're streaming the Democratic Debates!,,4,0,0.84
cz45k0,ClimateCrisis,1567513421.0,,https://www.youtube.com/watch?v=FF5jHjVt5tk,Our Fragile Planet | The Only One We‚Äôve Got,,7,0,0.89
cxd4wn,ClimateCrisis,1567146665.0,,https://www.youtube.com/watch?v=tNz_l8IlCSs&feature=share,It's not too late to stop the #ClimateCrisis,,5,0,0.78
cuhkvd,ClimateCrisis,1566583700.0,,https://www.bbc.co.uk/news/world-latin-america-49450925,Amazon rainforest fires: Ten readers' questions answered,,5,0,1.0
cr2z7m,ClimateCrisis,1565940246.0,,https://www.climatechangenews.com/2019/08/15/china-allies-challenge-un-chiefs-climate-vision/,China and allies challenge UN chief's climate vision,,6,2,0.87
ckuttq,ClimateCrisis,1564695927.0,,https://theweek.com/articles/856262/jay-inslee-just-wants-save-world-from-climate-change,Jay Inslee just wants to save the world from climate change,,6,0,0.8
cigiwu,ClimateCrisis,1564227762.0,,https://www.youtube.com/watch?v=O8AdH3k6Yy8,UN Climate Action Summit 2019 | News Brief | Living with Climate Change,,5,0,1.0
cavc90,ClimateCrisis,1562642841.0,,https://www.cbc.ca/radio/thesundayedition/the-sunday-edition-for-july-7-2019-1.5198309/treat-climate-change-like-the-crisis-it-is-says-journalism-professor-1.5198311,"Treat climate change like the crisis it is, says journalism professor",,6,0,0.87
c8cviq,ClimateCrisis,1562092322.0,,https://www.youtube.com/watch?v=QTxUnyLBXe0,Incoming voicemail from an uncertain future. Pick up. - Animated Video,,4,0,0.84
bw7ik6,ClimateCrisis,1559543263.0,,https://www.youtube.com/watch?v=F1tEzTOHPDY,The Anthropocene - Animated Essay,,4,0,0.76
apuo8p,ClimateCrisis,1549986627.0,,https://www.latimes.com/business/la-fi-garcetti-los-angeles-gas-plants-20190211-story.html?outputType=amp&__twitter_impression=true,"Keep up the pressure on your local officials, friends.",,5,1,1.0
amx9qt,ClimateCrisis,1549249590.0,,https://i.redd.it/svp2j9wewbe21.jpg,Don't forget the real culprits,,5,0,1.0
akjpj0,ClimateCrisis,1548648597.0,,https://www.vrt.be/vrtnws/en/2019/01/27/they-still-haven-t-got-it/,When will we start protesting in the U.S.?,,5,1,1.0
9dgbbf,ClimateCrisis,1536221823.0,"Just another sign that things are about to go down. Today (06.09.2018) i heard sirens from outside and when i checked i found out that these were alarm signals which haven't been in use for a long time and have to be learnt new by the younger generations. Just a test right now, but most likely not for long. The reason they are used again? Mainly because of catastrophies which will follow the climate change, according to the cities.
I havent found any English sources, but i can link you some german ones if you care. I think its wild that these sirens were not used for at least 30 years and are now in use again, as climate change is a threat as big as the last war.",https://www.reddit.com/r/ClimateCrisis/comments/9dgbbf/germany_starts_using_their_emergency_sirens_last/,Germany starts using their emergency sirens last used in ww2 again,,5,0,0.86
9cplb1,ClimateCrisis,1536011482.0,,https://www.youtube.com/watch?v=Fys5Z63xCvA&feature=youtu.be&t=16,Margaret Thatcher calling for action on Global Warming in 1989,,5,0,0.86
832hy8,ClimateCrisis,1520555117.0,,https://www.theguardian.com/world/2018/mar/06/arctic-warmest-winter-record-climate-change,Arctic has warmest winter on record: 'Never seen anything like this',,5,1,0.86
7tjo3o,ClimateCrisis,1517137185.0,,https://www.reddit.com/r/ClimateCrisis/comments/7tjo3o/why_is_it_that_3_of_climate_scientists_dont/,Why is it that 3% of climate scientists don't believe that the climate is changing? Do they have some other interpretation of the science?,,5,1,1.0
72lbkr,ClimateCrisis,1506441652.0,,https://reliefweb.int/report/ethiopia/ethiopia-launches-15-year-national-adaptation-plan-address-climate-change,Ethiopia Launches 15 Year National Adaptation Plan to Address Climate Change,,6,6,1.0
6vde4i,ClimateCrisis,1503429896.0,,https://www.youtube.com/attribution_link?a=6zhvzf3x_Z4&u=%2Fwatch%3Fv%3DeRLJscAlk1M%26feature%3Dshare,Dear Future Generations: Sorry,,6,0,1.0
6hjvz7,ClimateCrisis,1497581468.0,,https://indvstrvs.com/water-crisis-asia/,"The demand for clean water is growing at a scorching pace, with an estimate that over a billion people do not have access to safe drinking water. The situation may worsen as the United Nations claims that over half of countries worldwide is facing an impending water crisis.",,6,0,1.0
24wmle,ClimateCrisis,1399418067.0,,https://www.reddit.com/r/ClimateCrisis/comments/24wmle/i_am_happily_selling_carbon_credits_to_anyone/,I am happily selling carbon credits to anyone wishing to purchase them. Do it for the Earth!,,7,5,0.99
22xbww,ClimateCrisis,1397400772.0,,http://www.nytimes.com/2014/04/14/science/earth/un-climate-panel-warns-speedier-action-is-needed-to-avert-disaster.html?smid=re-share,U.N. Climate Panel Warns Speedier Action Is Needed to Avert Disaster,,6,0,0.99
203dkd,ClimateCrisis,1394495978.0,,http://www.livescience.com/2403-climate-threat-thawing-tundra-releases-infected-corpses.html,Climate Threat: Thawing Tundra Releases Infected Corpses,,4,0,0.76
1vo4lw,ClimateCrisis,1390224752.0,,http://www.bostonglobe.com/news/science/2014/01/17/united-nations-says-lag-confronting-climate-woes-will-costly/gLzdaRqCFvl1RwnVVWqwXJ/story.html,Scary Report - from The United Nations,,5,1,0.86
1g7hk9,ClimateCrisis,1371058071.0,,http://iopscience.iop.org/1748-9326/8/2/024024/article,"Quantifying the consensus on anthropogenic global warming in the scientific literature: ""Among abstracts expressing a position on AGW, 97.1% endorsed the consensus position that humans are causing global warming.""",,5,0,0.99
1dqe25,ClimateCrisis,1367765399.0,"Dear friends can someone please point me to papers on the health impacts of climate change, specifically on infectious / communicable diseases. ",https://www.reddit.com/r/ClimateCrisis/comments/1dqe25/health_effects_of_climate_change/,Health effects of Climate change,,5,2,0.86
1ck85g,ClimateCrisis,1366234640.0,,http://www.earthtechling.com/2013/04/walmart-solar-goal-at-least-1000-rooftop-systems/?utm_source=feedly,Walmart Solar Goal: Let A Thousand Rooftops Bloom,,5,0,1.0
i4sfd,ClimateCrisis,1308615059.0,,http://www.fastcompany.com/1761033/google-visualizes-climate-change,Google Visualizes Climate Change,,6,1,0.88
he3k4,ClimateCrisis,1305712937.0,,http://tamino.wordpress.com/2011/05/17/hot-and-wet/#more-3773,Hot and wet,,6,0,1.0
go3oq,ClimateCrisis,1302601689.0,,http://newmatilda.com/2011/04/11/why-carbon-tax-wont-cost-you-800,Why the 'Carbon Tax' won't cost Australians $800-00.,,5,0,0.86
ghw7s,ClimateCrisis,1301870913.0,,http://www.csiro.au/resources/Climate-Change-Book.html,Climate Change: Science and Solutions for Australia.,,5,0,1.0
gfgix,ClimateCrisis,1301570813.0,,http://scienceblogs.com/classm/2011/03/the_fate_of_the_amazon_is_in_d.php,The fate of the Amazon is in doubt.,,5,0,1.0
gc7y6,ClimateCrisis,1301184889.0,,http://climateprogress.org/2011/03/09/inhofe-watts-horner-mcintyre-michael-mann-email/,"Inhofe, Horner, McIntyre and Watts fabricate 
another  phony ""despicable smear"" against Michael 
Mann.",,4,0,0.84
g3b2m,ClimateCrisis,1300053708.0,,http://www.skepticalscience.com/republican-repeal-laws-of-physics.html,Republicans to Repeal Laws of Physics,,6,0,1.0
cqqvv,ClimateCrisis,1279406249.0,,http://www.reddit.com/r/climateskeptics/comments/cqheh/the_medieval_warm_period_in_the_eastern_sierra/,"With Apologies. Clown science of the day. Sadly the 
blog writer failed to either read the reference paper 
in full and has absolutely no understanding of either 
geography or the climatic history of the driest part 
of the state in America. Prefer no direct to original 
irrational source.",,5,0,0.65
ckm1n,ClimateCrisis,1277918605.0,,http://www.flickr.com/photos/climatesafety/4748444963/sizes/l/,Signal vs. Noise,,4,0,0.63
a2v2s,ClimateCrisis,1257862159.0,,http://www.newyorker.com/arts/critics/books/2009/11/16/091116crbo_books_kolbert?currentPage=all,"Elizabeth Kolbert of the New Yorker on Superfreakonomics: ""...while some forms of horseshit are no longer a problem, others will always be with us.""",,6,0,0.75
11nng4g,ClimateCrisis,1678450195.0,"&#x200B;

[ The Tragic Consequences of Lebanon's Electricity Crisis on Citizens' Health and Safety\\"" - This long-form article delves into the catastrophic effects of the electricity crisis on the well-being of the Lebanese people. It features harrowing stories of families who have lost loved ones due to power outages, hospitals that have been forced to turn patients away, and businesses that have been forced to close down. The article calls on the government to take urgent action to address the crisis before more lives are lost. ](https://preview.redd.it/vh6i5zmmjwma1.png?width=1000&format=png&auto=webp&v=enabled&s=cbaf84411cf36422b6e6610b7acaa82ad896ea50)",https://www.reddit.com/r/ClimateCrisis/comments/11nng4g/according_to_a_rights_organization_the_poverty_in/,"According to a rights organization, the poverty in Lebanon is getting worse because of the electrical problem.",,3,0,0.72
xqc2fa,ClimateCrisis,1664369887.0,,https://apnews.com/article/hurricane-ian-live-updates-6302894797cae989ff855030cf332a97,Pictures From Florida: 20 Photos Of Hurricane Ian And People Preparing For Its Wind Speeds Of 155 MPH When It Makes Landfall As A Category 5 Hurricane,,4,1,1.0
xj7a7m,ClimateCrisis,1663676378.0,,https://apnews.com/article/storms-entertainment-hurricanes-royalty-dominican-republic-73e1cfe498d50a4e85fb8de51723ee46,Pictures From Puerto Rico & The Dominican Republic: 17 Photos Of The Aftermath Of Hurricane Fiona As It Ripped Through The Caribbean & Barrels Toward Turks & Caicos As A Category 3 Hurricane,,4,0,1.0
x4rbpf,ClimateCrisis,1662201396.0,,https://apnews.com/article/science-climate-and-environment-government-politics-4c1e8783694201355f88012079367f27,"Global Warming: Carbon Should Cost 3.6 Times More Than The US Price Of $51 Per Ton Of Carbon Dioxide Emitted, & Researchers Wrote In The Journal ""Nature"" That The Price Should Be $185 per ton ‚Äî The Report Includes Damage To Ecosystems, Biodiversity & Human Health",,3,0,0.81
wytszk,ClimateCrisis,1661575493.0,,https://www.seattletimes.com/seattle-news/transportation/wa-will-ban-new-gas-powered-cars-by-2035-following-cas-lead/?amp=1,"Washington State Will Follow Calif. & Prohibit The Sale Of New Gas-Powered Vehicles By 2035, Democratic Gov. Jay Inslee Said, & The Specific Regulations For Washington State Are Yet To Be Created, But The Public Will Have The Chance To Weigh In",,4,0,0.84
wnm2tc,ClimateCrisis,1660417576.0,,https://apnews.com/article/italy-lake-garda-drought-af32b5ce63006b7950d771ad51f0448d,Pictures From Italy: 15 Photos Of Lake Garda Shrinking To A Near-Historic Low Amid Drought,,4,1,1.0
wm7vdm,ClimateCrisis,1660266756.0,,https://apnews.com/article/hawaii-mauna-kea-us-army-loa-kevin-cronin-faad892dc97dfe6f56a5d593c08d1ebb,Hawaii: A Large Wildfire Is Spreading Across An Area Of Hawaii's Big Island,,4,0,0.75
whh0m7,ClimateCrisis,1659765599.0,,https://www.reuters.com/world/us/flash-floods-strand-1000-people-californias-death-valley-national-park-2022-08-06/,"California: Flash Floods Strand 1,000 People In Death Valley National Park",,4,0,1.0
we8xc9,ClimateCrisis,1659438798.0,,https://v.redd.it/wkwg82jr39f91,Honest Government Addüèõ,,5,0,1.0
wdw7qa,ClimateCrisis,1659397473.0,,https://jacobin.com/2022/08/democrat-climate-bill-fossil-fuels-exxonmobil/,We Can‚Äôt Save the Planet and Make ExxonMobil Happy,,3,0,0.81
wafomp,ClimateCrisis,1659028882.0,,https://www.accuweather.com/en/severe-weather/catastrophic-flash-flooding-turns-deadly-leaves-kentucky-towns-underwater/1223842,Kentucky: Hundreds Of People Are Stranded & Homes Are Washed Away In ‚ÄòCatastrophic‚Äô Flash Flooding,,3,1,0.81
w2rueg,ClimateCrisis,1658234634.0,,https://www.reuters.com/world/europe/record-temperatures-scorch-europe-wildfires-rage-across-south-2022-07-19/,"France Battles Massive Wildfires, Britain Records Highest EVER Temperature",,4,0,1.0
vwdqrr,ClimateCrisis,1657529490.0,,https://apnews.com/article/lakes-colorado-river-droughts-trending-news-abab298019a44aef0181ad79aad12ab9,"Pictures From Lake Mead National Recreation Area: 15 Photos Showing How The Withering Drought Has Affected The Lake Mead Boat Graveyard Near Boulder City, Nevada",,4,0,1.0
vrqsk7,ClimateCrisis,1657000070.0,,https://abcnews.go.com/Politics/supreme-court-limits-epas-ability-reduce-emissions/story?id=85369775,"Supreme Court limits EPA's ability to reduce emissions, fight climate change",,4,1,0.84
r28c3k,ClimateCrisis,1637879785.0,,https://www.thelancet.com/journals/lanplh/article/PIIS2542-5196(20)30196-0/fulltext,Equality-based attribution approach for carbon dioxide emissions in excess of the planetary boundary concludes US and Europe are overwhelmingly responsible and owe reparations to the global south,,4,0,1.0
q1ywgz,ClimateCrisis,1633448005.0,,https://medium.com/climate-conscious/galvanizing-climate-action-in-the-face-of-environmental-catastrophes-ea4e6caaad35,Galvanizing Climate Action in the Face of Environmental Catastrophes,,4,1,1.0
py1231,ClimateCrisis,1632938716.0,"SearchScene is a charitable search engine that donates 95% of its profits to charities fighting climate change. As a user, I believe using this is one of the best ways a person can help the environment. It takes zero effort to use. All you do is use the internet like you always do, and save the environment at the same time. It's a win-win! Here's some more detail:

# Donations:

* Donates 95% of its profits to charity, more than any other engine.
* Support 6 charities, all fighting different fields in climate change. You can choose which ones you want your money to go to.
* [If this site had as much money as Google](https://www.searchscene.com/we-donate-95-to-charity), it could replant the Amazon Rainforest, end world hunger, eradicate Polio, and so much more.
* Shows their [donation receipts](https://www.searchscene.com/pdf/SearchScene-Donation-Receipts-Apr-May-2021.pdf), to prove they're legit.

# Anyone Could Use it:

* Download on [Chrome](https://chrome.google.com/webstore/detail/searchscene-%E2%80%93-the-charita/mhbnohclbfjlnkjegnfhpidjlejbdgci?hl=en-GB), [Edge](https://microsoftedge.microsoft.com/addons/detail/searchscene-%E2%80%93-the-charita/odgpoigmpeehjhohfjobjgbcjgdcfmpn), or [Firefox](https://addons.mozilla.org/en-GB/firefox/addon/searchscene/), and you're done.
* Download on Android or IOS.
* Completely free. You don't have to pay a cent.

Note: if you don't see the apps or advertising, it might not be available in your country. It'll come to more places in 2022.

# Homepage

* It has some of the most beautiful scenery I have ever seen in my life.
* Very customizable. You can use your own images if you want, or a simple black and white background.

# Search Results

* Offers larger knowledge panels than Google, making it easier and quicker to find info.
* Has an option to show results from Google, if you can't find what you're looking for.

# Privacy

* Your searches aren't stored on their servers.
* If you create an account, your email is encrypted. The only thing the servers will know is the number of searches you made, not the actual things you searched for.
* Your searches are encrypted.
* Both it's Android and IOS apps run off Firefox, giving more privacy.

# Extra Points:

* Create groups with your friends, family, school, etc. Store up your searches. Compete with other groups to see who can get the most searches.
* See the [impact](https://www.searchscene.com/my-impact) you yourself are making. It looks at what charities you support and the number of searches you made to estimate the impact you've made.

This is still a new site, yet it has done so much, and still has so much potential. At least try it for a few days, and see what you think.

https://www.searchscene.com",https://www.reddit.com/r/ClimateCrisis/comments/py1231/searchscene_a_search_engine_that_donates_95_of/,"SearchScene, a search engine that donates 95% of its profits to charity!",,3,0,0.81
oyj6uf,ClimateCrisis,1628173460.0,,https://www.bloomberg.com/news/articles/2021-08-05/biden-sets-u-s-goal-of-50-clean-cars-as-carmakers-ask-for-help?srnd=premium,Biden Sets U.S. Goal for Clean Cars to Be Half of 2030 Sales,,4,2,1.0
olj7lx,ClimateCrisis,1626449545.0,,https://www.independent.co.uk/climate-change/news/cambo-oil-field-shetland-cop26-b1883816.html,Anger as green groups urge UK government to reject plans for huge new oil field before Cop26,,4,0,1.0
oiqlwc,ClimateCrisis,1626094237.0,,https://www.independent.co.uk/climate-change/news/trans-alaska-oil-pipeline-rupture-b1882594.html,"Trans-Alaska oil pipeline in danger of rupturing, experts warn",,4,0,0.75
oa8upq,ClimateCrisis,1624975206.0,"Nina Turner continues to speak truth to power and to fight to secure justice for us all.  

Her platform is meant to secure social, racial, economic, healthcare, and environmental justice for all of us. She supports Medicare for All, the Green New Deal, free public college and cancelling student debt, increasing the minimum wage, and she takes no corporate money.

As we continue to run out of time to deal with issues like climate change and those in power drag their feet, it is imperative that we have people like Senator Turner fighting for us

You can find more information about Nina Turner and her campaign at her [website](https://ninaturner.com/). You can also [volunteer](https://ninaturner.com/volunteer/) to help her campaign by doing things like phone banking or text banking, or you can [donate](https://secure.actblue.com/donate/snt-website-nav?refcode=website-nav) to her campaign if you would prefer to support Nina in that way.

Nina can be followed at the following social media accounts:

[Twitter](https://twitter.com/ninaturner)
[Instagram](https://www.instagram.com/ninaturnerohio/)
[Facebook](https://www.facebook.com/NinaTurner.OH)

If you would like to join Done Waiting and help us campaign for Nina and other candidates like her in the future, you can fill out our 30-second application [here](https://www.donewaiting.org/).

There, you can also learn more about our organization and the policies we support. 

If you know a progressive that is looking for an endorsement and could use the help that a volunteer army can provide, go to [this link](https://www.donewaiting.org/endorsements) to learn about the kinds of candidates we want to endorse and to fill out the endorsement application.",https://www.reddit.com/r/ClimateCrisis/comments/oa8upq/done_waiting_is_proud_to_endorse_nina_turner_for/,Done Waiting is proud to endorse Nina Turner for Representative of Ohio‚Äôs 11th district,,2,0,0.67
ngzhjk,ClimateCrisis,1621515402.0,"[https://truthout.org/articles/sunrise-activists-are-marching-400-miles-to-demand-a-green-new-deal-jobs-program/](https://truthout.org/articles/sunrise-activists-are-marching-400-miles-to-demand-a-green-new-deal-jobs-program/)

Wow! It's empowering to read the stories of these five marchers from the Sunrise Movement! Generation on Fire is such a cool project to keep up with. Sad that these young people have to sacrifice their summer to push politicians towards more progressive climate solutions that we desperately need. Their level of sacrifice is admirable!",https://www.reddit.com/r/ClimateCrisis/comments/ngzhjk/sunrise_movement_marches_400_miles_for_a_civilian/,Sunrise Movement Marches 400 Miles for a Civilian Climate Corps,,5,1,0.79
na196v,ClimateCrisis,1620751150.0,,https://www.commondreams.org/news/2021/05/10/generation-fire-sunrise-movement-activists-march-400-miles-new-orleans-houston,"Sunrise Movement Activists to March 400 Miles From New Orleans to Houston, Demanding a Civilian Climate Corp and Good Jobs For All",,4,0,1.0
m68c9p,ClimateCrisis,1615899075.0,,https://m.youtube.com/watch?time_continue=59&v=cCxPOqwCr1I&feature=emb_title,A 1973 MIT Supercomputer Predicted the End of the World by 2040,,4,3,0.83
m1p8g1,ClimateCrisis,1615350195.0,,https://thehuxleyan.substack.com/p/the-time-is-now-infrastructure-climate?r=9gkwx&utm_campaign=post&utm_medium=web&utm_source=copy,"The Time is Now: Infrastructure, Climate Change, and Adaptation",,3,0,0.81
lqviem,ClimateCrisis,1614120893.0,,https://thehuxleyan.substack.com/p/texas-is-exhibit-a-for-adaptation?r=9gkwx&utm_campaign=post&utm_medium=web&utm_source=copy,Texas is Exhibit A for Adaptation,,4,0,1.0
ku01cp,ClimateCrisis,1610228294.0,,https://www.nwahomepage.com/weather/weather-blog/weather-blog-record-number-of-u-s-billion-dollar-disasters-in-2020-noaa/,22 Disasters In 2020 Cost $1 Billion Or More. A Record Number Of Events!,,4,0,1.0
jvsg3l,ClimateCrisis,1605617476.0,,https://2030.builders/stories/greenwashing/,"Companies use greenwashing to create a trusting bond between the product and the consumer. It is problematic not only because companies are profiting off of sustainability without actually being sustainable, but consumers may continue to engage in unsustainable habits without even realizing it.",,5,0,1.0
jsfglm,ClimateCrisis,1605124781.0,,https://climatemandate.org,"Claiming a Climate Mandate, Sunrise Movement and Justice dems put forth their picks for a ""Climate Cabinet"" and demand an ""Office of Climate Mobilization""",,4,0,1.0
j5mm5m,ClimateCrisis,1601915407.0,,https://www.theglobalcurrent.com/home/net-zero-targets,32 countries (with California) have set a goal to reach net-zero emissions in the second half of the century. They represent only about 40% of global CO2 emissions.,,3,0,0.81
it262d,ClimateCrisis,1600146040.0,,https://www.bbc.co.uk/news/world-us-canada-54144651,US West Coast fires: Trump fans flames of climate row in California,,4,0,1.0
iq8jod,ClimateCrisis,1599760738.0,,https://www.theglobalcurrent.com/snippets,"A fifth of global CO2 emissions come from the supply chains of multinational companies, according to a new report. And only 15% of the world‚Äôs largest 500 companies are on track to meeting their pledge to cut emissions in line with the Paris Agreement.",,3,0,0.72
ico1rs,ClimateCrisis,1597845214.0,,https://www.independent.co.uk/environment/democrats-fossil-fuel-2020-us-election-biden-harris-climate-crisis-a9676836.html,Democrats backtrack and remove demand to end fossil fuel tax breaks from platform,,5,1,0.86
fuq1r3,ClimateCrisis,1585988906.0,,https://www.reuters.com/article/us-usa-climate-security/climate-change-could-pose-catastrophic-security-threat-experts-warn-idUSKCN20I2O9,"Climate change could pose 'catastrophic' security threat, experts warn",,5,1,0.86
fno10s,ClimateCrisis,1584984793.0,,https://www.theguardian.com/environment/2020/feb/28/ridiculous-plan-to-drain-congo-peat-bog-could-release-vast-amount-of-carbon-aoe,Plan to drain Congo peat bog for oil could release vast amount of carbon dioxide,,4,0,0.83
f9whi9,ClimateCrisis,1582737123.0,,https://vegannewsnow.com/2020/02/26/climate-change-is-affecting-alaskas-salmon-and-its-bears/,Climate Change Is Affecting Alaska‚Äôs Salmon and Its Bears,,4,0,0.83
eyqgr6,ClimateCrisis,1580824932.0,,https://www.nrk.no/chasing-climate-change-1.14859595,Chasing climate change,,4,0,1.0
ewxq3r,ClimateCrisis,1580516356.0,,http://chng.it/gqpBxXsL,Scotland deserves a legally binding independence referendum - the UK relied on the EU for many environmental regulations. Sign on now to demand a referendum.,,4,0,1.0
ewuk6y,ClimateCrisis,1580503158.0,,https://www.nationalobserver.com/2020/01/31/news/climate-change-blamed-locust-invasion,Climate change blamed for locust invasion,,4,0,1.0
dz5sop,ClimateCrisis,1574273324.0,,https://www.nationalobserver.com/2019/11/20/news/scientists-see-disaster-looming-world-production-coal-oil-and-gas,A new report singles out Canada's oil and gas subsidies as threatening Paris commitments,,4,0,1.0
dvtjt2,ClimateCrisis,1573659859.0,,https://nick-mckim.greensmps.org.au/articles/false-equivalence-and-climate-debate,False equivalence and the climate debate,,3,0,0.72
dn2onq,ClimateCrisis,1572032677.0,,https://thetyee.ca/Analysis/2019/10/25/Politicians-Offered-Climate-Fantasies/,Politicians Offered a Choice between Climate Fantasies as Our Future Grows Bleaker,,5,0,1.0
dbv124,ClimateCrisis,1569943791.0,,https://i.redd.it/i2mkmhek6yp31.jpg,We're demanding climate action from the Finnish government!,,4,0,0.83
d19h88,ClimateCrisis,1567939935.0,,https://citizensclimateinitiative.eu,"A European Citizen's Initiative have been set up to fix EU climate policy. If you are a EU Citizen, please use your democratic rights and sign it now!",,4,0,0.99
ctwh92,ClimateCrisis,1566475556.0,,https://www.thebipartisanpress.com/news/jay-inslee-ends-his-bid-for-the-white-house/,"Inslee, Climate Champion, Drops White House Bid",,3,1,0.81
csn6mv,ClimateCrisis,1566247891.0,,https://www.wunderground.com/cat6/New-Models-Point-More-Global-Warming-We-Expected,New Models Point to More Global Warming Than We Expected (xpost r/StopFossilFuels),,5,1,0.86
csgdqz,ClimateCrisis,1566217573.0,,https://www.huffpost.com/entry/microplastics-snow-arctic-alps-precipitation_n_5d59289be4b0d8840ff48b4f?,Scientists Astonished After Finding Microplastics In Arctic Snow,,4,0,0.84
cri2ec,ClimateCrisis,1566019464.0,,http://endoftheamericandream.com/archives/according-to-the-federal-government-19-million-acres-of-farmland-were-not-planted-with-crops-this-year,"According To The Federal Government, 19 Million Acres Of Farmland Were Not Planted With Crops This Year",,4,0,0.99
cj24cx,ClimateCrisis,1564351394.0,,https://www.reddit.com/r/inslee2020/comments/ciwicd/petrostate_media_coverage_of_carbon_pricing/,Petrostate media coverage of carbon pricing,,3,0,0.8
ch4v2y,ClimateCrisis,1563952332.0,,http://www.dailyimpact.net/2019/07/16/dont-say-anything-but-were-losing-this-war/,"Don‚Äôt Say Anything, But We‚Äôre Losing This War",,4,1,1.0
c8jp1s,ClimateCrisis,1562128390.0,,https://www.straight.com/news/1261716/david-suzuki-yes-we-can-resolve-climate-crisis,"David Suzuki: Yes, we can resolve the climate crisis",,4,0,0.83
bw3efk,ClimateCrisis,1559515843.0,,https://e360.yale.edu/features/geoengineer-the-planet-more-scientists-now-say-it-must-be-an-option,Geoengineer the Planet? More Scientists Now Say It Must Be an Option,,4,0,0.84
bre9pn,ClimateCrisis,1558464679.0,,https://www.scidev.net/global/food-security/news/poorly-designed-climate-mitigation-plans-could-increase-hunger.html,Poorly designed climate mitigation plans ‚Äòcould increase hunger‚Äô (xpost r/ClimateCatastrophe),,3,0,0.81
bos923,ClimateCrisis,1557887979.0,,https://news.uoguelph.ca/2019/04/rapid-permafrost-thaw-unrecognized-threat-to-northern-landscape-global-warming-researcher-warns/,"Rapid Permafrost Thaw Unrecognized Threat to Landscape, Global Warming Researcher Warns",,5,0,1.0
bj31mp,ClimateCrisis,1556629407.0,"When we unite our voices are louder. Subscribe, bookmark and sign up to the following subreddits and websites to help unite our force to fight for what we know is right and stay in the loop on all the issues and ways we can help.

‚Ä¢ r/Enviroaction

‚Ä¢ r/ExtinctionRebellion (https://xrebellion.org)

‚Ä¢ r/SunriseMovement (www.sunrisemovement.org)

‚Ä¢ r/EarthStrike (https://www.earth-strike.com)

‚Ä¢ r/ClimateRealityProject
(https://www.climaterealityproject.org)

‚Ä¢ r/ClimateActionPlan

‚Ä¢ r/ClimateOffensive

‚Ä¢ https://citizensclimatelobby.org",https://www.reddit.com/r/ClimateCrisis/comments/bj31mp/list_of_environmentalist_activist_subreddits_and/,List of environmentalist activist subreddits and websites,,4,1,1.0
b6qsqm,ClimateCrisis,1553820153.0,,https://apnews.com/588690a3f89a45f0abfbb8d97c242cf6,"Action demanded after 1,100 dead dolphins wash up in France",,4,0,1.0
b56ive,ClimateCrisis,1553490650.0,,https://grist.org/article/terrifying-map-shows-all-the-parts-of-america-that-might-soon-flood/?fbclid=IwAR1xmwpQGn8skm7OZaYyZyP4NcvHQ67l9n0qBBz7Gm5mtEwycY3JkcFKmbQ,Terrifying map shows all the parts of America that might soon flood,,4,0,1.0
aut092,ClimateCrisis,1551143286.0,,https://futurism.com/planting-trillions-trees-cancel-co2-emissions,New goal: Work in your community to plant as many trees as possibly can,,3,0,0.81
arntff,ClimateCrisis,1550430663.0,,https://www.digitaltrends.com/cool-tech/purdue-university-platic-into-fuel/,Turning Plastic Waste Into Energy-Dense Fuel.,,4,0,1.0
ahnuti,ClimateCrisis,1547917517.0,"‚Ä™Support this grassroots petition to ask Target to stop filling the world with plastic bags! The sea of plastic bags at checkout is becoming a sea of plastic bags, literally. We need massive action on this issue. Spread the word!‚Ä¨

[Sign the Petition!](http://chng.it/6dfLfkCP)",https://www.reddit.com/r/ClimateCrisis/comments/ahnuti/support_new_petition_to_target_to_stop_filling/,Support New Petition to Target to Stop Filling the World with Plastic Bags!,,3,1,0.65
a9txow,ClimateCrisis,1545869671.0,,https://i.redd.it/b3ub2jooqp621.jpg,Renewables & Sustainability - Clean Air/Water/Soil üåè‚ù§Ô∏è,,3,2,0.81
9wm2rm,ClimateCrisis,1542085628.0,,https://seeyouin2020.blogspot.com/2018/11/the-emerging-climate-dystopia.html?fbclid=IwAR0NY6V8kmioTKgnvzhVT8SEBhiSnIRShpr2bp1sVZb9nq5Ej6Spn2MqY4Y,The Emerging Climate Dystopia,,3,2,0.81
977oj9,ClimateCrisis,1534247476.0,,https://www.theguardian.com/environment/2018/aug/13/us-interior-secretary-ryan-zinke-climate-change-environmentalists,"""Fire suppression has left forests dense, dry and primed to burn. Such policies, Swain and his colleagues write, were put in place to protect the timber industry""",,3,1,0.81
85eara,ClimateCrisis,1521408127.0,,https://www.ecowatch.com/greenland-ice-sheet-destabilizing-2547956070.html,"Lakes on Greenland Ice Sheet Drain in Chain Reaction, Destabilizing Sheet and Raising Sea Levels",,3,0,0.81
840mz9,ClimateCrisis,1520906392.0,,https://www.motherjones.com/environment/2018/03/climate-change-pushes-ticks-into-canada-bringing-lyme-disease-and-confusion-with-them/,"Climate Change Pushes Ticks Into Canada, Bringing Lyme Disease (and Confusion) With Them",,4,1,0.84
7f1o4n,ClimateCrisis,1511462955.0,Anyone know of organizations that are actively trying to suck carbon (and methane) out of the atmosphere? ,https://www.reddit.com/r/ClimateCrisis/comments/7f1o4n/volunteering_at_a_carbon_negative_technology/,Volunteering at a Carbon Negative Technology organizations,,3,1,0.81
7eqhu0,ClimateCrisis,1511352614.0,,http://envisionation.co.uk/index.php/nick-breeze/206-anthony-hobley-cop23,Carbon Tracker CEO pushes for fossil fuel companies to adopt a ex-growth model to meet emissions reduction targets,,4,0,1.0
6f9xrr,ClimateCrisis,1496611925.0,,http://www.gallup.com/opinion/polling-matters/211682/public-opinion-trump-decision-paris-agreement.aspx?g_source=Polling+Matters&g_medium=lead&g_campaign=tiles,Public may be against decision of Trump to withdraw from Paris Agreement,,4,0,0.84
67nqg2,ClimateCrisis,1493209043.0,,http://www.counterpunch.org/2017/04/26/for-climate-justice-its-the-33-percent-wholl-have-to-pick-up-the-tab/,"For Climate Justice, It‚Äôs the 33 Percent Who‚Äôll Have to Pick Up the Tab",,5,0,1.0
611nrw,ClimateCrisis,1490273639.0,,http://www.pewresearch.org/fact-tank/2017/03/22/how-much-does-science-knowledge-influence-peoples-views-on-climate-change-and-energy-issues/,How much does science knowledge influence people‚Äôs views on climate change and energy issues?,,4,0,1.0
5slu0b,ClimateCrisis,1486479611.0,,http://dissidentvoice.org/2017/02/welcome-to-sumatra-indonesia-an-environmental-genocide-in-the-making/,"Welcome to Sumatra, Indonesia, an Environmental Genocide in the Making",,3,0,0.81
2cl563,ClimateCrisis,1407159603.0,,http://www.sciencedaily.com/releases/2014/08/140803193642.htm,"Climate change whipping up Pacific trade winds, dynamic starts in Atlantic.",,4,0,0.84
267eqk,ClimateCrisis,1400763739.0,,http://www.npr.org/2014/05/22/314761225/scientists-discover-carbon-cycle-is-out-of-whack?ft=1&f=1007,It may be a fluke but carbon cycle was out of whack in 2011,,4,0,0.83
25uy7o,ClimateCrisis,1400417996.0,,http://www.huffingtonpost.com/2014/05/17/climate-change-credit-ratings_n_5344078.html,S&P warns climate change will affect the credit rating of nations,,3,0,0.81
25fji6,ClimateCrisis,1399965256.0,,http://www.truth-out.org/news/item/22999-evidence-of-acceleration-on-all-fronts-of-anthropogenic-climate-disruption,Evidence on all fronts..of climate disruption,,4,0,1.0
1ve4fu,ClimateCrisis,1389906857.0,,http://www.livescience.com/42633-climate-change-disbelief-rises.html#sthash.JlURnVOK.sfju,Climate Change Disbelief Rises in America,,4,3,0.83
1n91y0,ClimateCrisis,1380293905.0,,http://blogs.smithsonianmag.com/science/2013/09/how-the-insurance-industry-is-dealing-with-climate-change/,How the Insurance Industry Is Dealing With Climate Change,,3,0,0.72
iam6h,ClimateCrisis,1309204258.0,,http://theconversation.edu.au/greenhouse-gas-calculator-reveals-hard-carbon-truths-2019,Greenhouse gas calculator reveals hard carbon truths,,4,0,0.83
g5h1n,ClimateCrisis,1300315562.0,,http://www.youtube.com/watch?v=QL3ED6aXrks,Global Warming 101. Part 1 of 5,,4,0,1.0
fzogb,ClimateCrisis,1299580435.0,,http://tamino.wordpress.com/2011/03/07/mission-failure/,Mission Failure.,,4,0,1.0
fkd1p,ClimateCrisis,1297565983.0,,http://www.skepticalscience.com/meet-the-denominator.html,Meet The Denominator,,4,1,1.0
emhkm,ClimateCrisis,1292454498.0,,http://climateprogress.org/,"Foxgate, the new denial email scandal!",,4,0,0.65
d02bf,ClimateCrisis,1281556071.0,,http://climateprogress.org/2010/08/10/lester-brown-global-warming-food-agriculture/,"On Rising Temperatures and Rising Food Prices: ""If we continue with business as usual on the climate front, it is only a matter of time before what we are seeing in Russia becomes commonplace.‚Äù",,5,0,0.62
coana,ClimateCrisis,1278850691.0,,http://www.c3headlines.com/2010/07/newest-research-finds-greenland-region-roasting-with-medieval-wintersummer-temps-3c-hotter-than-mode.html,"My apologies, this denial has mysteriously chosen 
to move the Medieval Warm Period From AD 
950-1250 to AD 500-720 from Europe to a place 
called Greenland. Sadly the skeptics are lost in 
time.",,5,0,0.66
bq8i7,ClimateCrisis,1271157423.0,,http://www.skepticalscience.com/Arctic-Sea-Ice-Part-1-Is-Arctic-Sea-Ice-recovering.html,"Is the Arctic Sea Ice recovering? Despite a brief anomalous increase due to cold weather conditions in the Bering and Barents seas, this ice is thin and young, and based on recent patterns of ice melt and motion it is likely that the scene is set for significant loss through 2010.",,6,1,0.65
aeckx,ClimateCrisis,1260763042.0,,http://www.economist.com/blogs/democracyinamerica/2009/12/trust_scientists,The Limits  to Skepticism,,3,0,0.72
act08,ClimateCrisis,1260371863.0,"I keep seeing arguments from the ""climate skeptics"" that the science of global climate change is muddied by politics. Supposedly, people with ""agendas"" are influencing the scientists and convincing them to cherry-pick data, skew graphs, silence criticisms, and on and on. The scientists themselves are said to be providing the motivation for this behavior themselves, even, to secure funding or further their own hippie beliefs. 
    
Now, I've read a lot about this - many of those emails, the hacked documentation of that software, countless columns of various talking heads, scientists, skeptics, critics, and other people with opinions, but I still don't understand the key point. Maybe I'm dense - I don't know.
    
Who stands to benefit from perpetuating a anthropogenic global climate change myth? Politicians losing tax dollars from economies inhibited by energy rationing? Renewable-energy execs rivaling the power of the petroleum fuel industry and all the world's sheiks and oil barons? Mad scientists requesting money for increasingly accurate instruments with which to measure non-existent results? 
    
What am I missing? Am I eating crazy pills? ",https://www.reddit.com/r/ClimateCrisis/comments/act08/ask_science_anthropogenic_global_warming_who/,Ask Science:  Anthropogenic Global Warming - who stands to benefit?,,5,1,1.0
abr6b,ClimateCrisis,1260137774.0,,http://www.guardian.co.uk/commentisfree/2009/dec/06/copenhagen-editorial,56 Newspapers to publish same editorial promoting a meaningful outcome at copenhagen,,4,0,0.67
a2nst,ClimateCrisis,1257812703.0,,http://climateprogress.org/2009/11/09/voters-in-key-states-poll-support-clean-energy-global-warming-bill/,Voters in the US overwhelmingly support action on clean energy and global warming. The new polls also found that large majorities believe global warming is a serious or very serious threat.,,5,2,0.85
a2ju4,ClimateCrisis,1257789204.0,,http://enviroknow.com/2009/11/07/pge-ceo-on-climate-legislation-lets-get-on-with-it/,"Power company CEO on climate change mitigation: ""‚ÄúSooner or later there will be controls on carbon. The point I make is the sooner you start to work on a big problem, the less disruptive it is to a company, to an industry to consumers, and the less expensive it is. So let‚Äôs get on with it.‚Äù",,3,0,0.81
11i5zl3,ClimateCrisis,1677949056.0,,https://www.thecooldown.com/green-home/nike-reddit-sneakers-keychain/,"Absolute ""greenwashing"" by Nike. They used to burn this stuff in Indonesian villages. Now they are sending it to you.",,3,0,1.0
119srcq,ClimateCrisis,1677141386.0,,https://i.redd.it/kted484vgwja1.png,It's refreshing to see countries like the UAE stepping up and taking action towards a greener future.,,3,0,1.0
10m9wat,ClimateCrisis,1674787094.0,"&#x200B;

[In a March 13, 2007 article in the New York Times, for example, columnist William J. Broad cited several scientists who criticized Gore's portrayal of global warming as a terrible catastrophe that would cause rising temperatures, seas that could rise twenty feet, and more frequent and deadlier storms. According to the scientists quoted in the article, temperatures were the highest in four hundred years, but no higher than sixteen hundred years ago during the Medieval Warm Period. storms than predicted \(five instead of nine \), none of which hit the United States . Similarly, even if seas are expected to rise, most experts think it will be a very slow process. Other researchers have developed mathematical climate models, which allow for predictions to be made about temperature changes when the amount of carbon dioxide input is increased. In recent decades, these climate models have been greatly improved through the use of computers, which can incorporate enormous amounts of weather information into climate formulas and produce more accurate predictions of changes. on the future climate   Also during the last twenty years, scientists began to use satellites to observe the Earth's changing climate. All of the methods of global warming study have some scientific uncertainties, but each suggested that the Earth has warmed .](https://preview.redd.it/fvx4f9300iea1.png?width=295&format=png&auto=webp&v=enabled&s=1129a67340ce9965565a5aeb5685cd92c7c4ff24)",https://www.reddit.com/r/ClimateCrisis/comments/10m9wat/global_warming_skeptics_criticize_former_vice/,Global warming skeptics criticize former vice president Al Gore for exaggerating scientific assessments and predictions and presenting an alarmist portrayal of global warming.,,3,1,1.0
ywqacc,ClimateCrisis,1668595790.0,,https://stephenyoung.substack.com/p/qatar-world-cup-one-last-party-before,The climate catastrophe that is the Qatar World Cup,,3,0,0.8
yoyfb7,ClimateCrisis,1667851155.0,,https://www.youtube.com/watch?v=0Iow_UkoS9s&ab_channel=SeanO%27Neill,WE set the WORLD on FIRE - a blistering climate crisis anthem to the tune of Billy Joel's We Didn't Start the Fire. Worth a look!,,3,0,0.8
yj2myf,ClimateCrisis,1667290131.0,,https://youtu.be/nq2eUFVxKuE,How Star Trek: Picard Mishandles Climate Change,,3,0,1.0
yglvzl,ClimateCrisis,1667055720.0,,https://www.aljazeera.com/news/2022/10/28/brazil-votes-amazon-loggers-hope-for-bolsonaro-victory,Brazil votes: Amazon loggers hope for Bolsonaro victory,,3,0,1.0
y71lmw,ClimateCrisis,1666083654.0,,https://v.redd.it/rt7brnwg0ju91,Soup girl speaks out,,4,0,0.7
xscfe1,ClimateCrisis,1664571541.0,,https://www.cnn.com/2022/09/26/weather/gallery/hurricane-ian/index.html,In Pictures: 62 Photos Of Hurricane Ian Slamming The Southeast USA,,3,0,1.0
xpaz5d,ClimateCrisis,1664267981.0,,https://apnews.com/article/floods-weather-philippines-evacuations-vietnam-51f4549376087ada429da0cc541e5a8a,"Hurricanes: Vietnam Imposed A Curfew In Da Nang & Quang Nam Provinces, Effective Starting The Evening Of Sept. 27th & Evacuated Over 800,000 People As Powerful Typhoon Noru Aimed For Vietnam's Central Region",,3,0,1.0
xi4cvy,ClimateCrisis,1663570091.0,,https://apnews.com/article/floods-covid-health-world-organization-dengue-fever-b6d5ff971a9b2b3a4347250f73a66729,"Pakistan: The World Health Organization Has Raised The Alarm About A ""Second Disaster"" In The Wake Of The Deadly Floods In Pakistan This Summer, As Doctors & Medical Workers On The Ground Race To Battle Outbreaks Of Waterborne & Other Diseases",,3,0,1.0
xhrsmh,ClimateCrisis,1663534467.0,,https://apnews.com/article/floods-storms-hurricanes-puerto-rico-tropical-01028dac6655ddb5b321f345cf9e9358,Pictures Of People Preparing For Hurricane Fiona Before It Ripped Through Now Powerless Puerto Rico,,3,0,1.0
xftri8,ClimateCrisis,1663340661.0,,https://apnews.com/article/floods-trees-italy-climate-and-environment-ad6d39d3a93cfe18f98e1bcaedce34ba,Pictures From Italy: 14 Photos Of The Aftermath Of Flash Floods That Have Killed 10 People As Residents Await Rescue In Trees & On Rooftops,,3,2,1.0
xbhhpr,ClimateCrisis,1662899892.0,,https://apnews.com/article/africa-lakes-kenya-crocodiles-climate-and-environment-8ac5b87e2c23de2250e436238aba96b0,Pictures From Kenya: 16 Photos Of A Woman Struggling To Survive After Losing A Leg At A Lake - After She Was Attacked By A Crocodile - And Her New Life As A Climate Migrant Due To Severe Flooding,,3,0,1.0
x5qmcu,ClimateCrisis,1662307651.0,,https://apnews.com/article/wildfires-fires-california-evacuations-climate-and-environment-dea4c31860a2abfed245b545ed944726,Pictures From California: 23 Photos Of People In The Fire-Stricken Town Of Weed Who Have Learned To Live On Edge,,3,0,1.0
x3hi76,ClimateCrisis,1662063632.0,,https://www.huffpost.com/entry/california-heat-wave-wildfires_n_6310e810e4b0dc23bbf00445,Climate Change: Fires Rage In California As A Heat Wave Brings Record-Breaking Temperatures That May Reach Into The Mid-110s In Inland Areas While Thousands Of Acres Of Land Burn In Southern California Amid Power Outages,,3,0,1.0
x36qdq,ClimateCrisis,1662036261.0,,https://apnews.com/article/floods-indonesia-java-climate-and-environment-bc4433924c7815e4d913f868f922c201,"Pictures From Indonesia: 10 Photos Of People Who Are Living Amid Flood Waters In Central Java, And Are Unable To Leave",,3,1,1.0
wrik9q,ClimateCrisis,1660826442.0,,https://apnews.com/article/floods-bangladesh-dhaka-jewel-420620595a7e5229ef539f6e27ea085f,Pictures From Bangladesh: Climate Migration: 14 Photos Of Flooding That Is Forcing A Family To Flee,,3,0,1.0
wr7g1b,ClimateCrisis,1660789623.0,,https://apnews.com/article/science-middle-east-barcelona-oceans-3d4284afffcea80ace340b32c9de7543,Global Warming: Scientists Warn Of Dire Effects On Marine Life As The Mediterranean Sea Heats Up,,3,0,1.0
wm9xk8,ClimateCrisis,1660272581.0,,https://apnews.com/article/world-news-hungary-suburbs-95ab984b75ce316eff34ae44150683f0,Pictures From Hungary: 10 Photos Of People Struggling To Stay Cool In Budapest Heat Wave,,3,0,0.8
wjeu3s,ClimateCrisis,1659979941.0,,https://apnews.com/article/floods-tornadoes-biden-kentucky-weather-94bc889ca2bb2fbb28e17f5edebdae9d,US President Joe Biden & His Wife Jill Join Democratic Governor Andy Beshear To Survey Flood Damage In Kentucky,,3,0,0.8
